<!--  
这个为菜单列表，注意编辑的格式!例如：
<phone id="手机概览,overview">手机外观</phone>
1、手机概览：一级标题名称
2、overview：这个为assets下的各个模块文件夹的名称，记住这个值一定要与文件夹的名称对应，不然链接会出错
3、手机外观：二级标题名称
4、手机概览与overview之间的逗号为英文状态下的，请注意
5、各个模块文件夹的html文件一定要按照顺序来命名，即XXX_1到XXX_n来命名，中间不能有断续
-->
<phones>
<phone id="Introducción y Guía de inicio rápido,overview">Introducción al exterior del teléfono</phone>
<phone id="Introducción y Guía de inicio rápido,overview">Instalación y preparación</phone>
<phone id="Introducción y Guía de inicio rápido,overview">Iconos de barra de estado y notificaciones</phone>
<phone id="Introducción y Guía de inicio rápido,overview">Introducción de la pantalla de inicio</phone>

<phone id="Aplicaciones de escritorio,desktop">i Manager</phone>
<phone id="Aplicaciones de escritorio,desktop">Cámara</phone>
<phone id="Aplicaciones de escritorio,desktop">Álbumes</phone>
<phone id="Aplicaciones de escritorio,desktop">Calculadora</phone>
<phone id="Aplicaciones de escritorio,desktop">Grabadora</phone>
<phone id="Aplicaciones de escritorio,desktop">Reloj</phone>
<phone id="Aplicaciones de escritorio,desktop">Brújula</phone>
<phone id="Aplicaciones de escritorio,desktop">vivo.com</phone>
<phone id="Aplicaciones de escritorio,desktop">Aplicaciones de Google</phone>

<phone id="Ajustes,settings">Red e Internet</phone>
<phone id="Ajustes,settings">Conexión de dispositivos y Bluetooth</phone>
<phone id="Ajustes,settings">Pantalla y brillo</phone>
<phone id="Ajustes,settings">Pantalla de bloqueo y fondo de pantalla</phone>
<phone id="Ajustes,settings">Efectos dinámicos</phone>
<phone id="Ajustes,settings">Sonido</phone>
<phone id="Ajustes,settings">Aplicaciones y notificaciones</phone>
<phone id="Ajustes,settings">Batería</phone>
<phone id="Ajustes,settings">Almacenamiento</phone>
<phone id="Ajustes,settings">Seguridad</phone>
<phone id="Ajustes,settings">Privacidad</phone>
<phone id="Ajustes,settings">Ubicación</phone>
<phone id="Ajustes,settings">Modo Ultra juego</phone>
<phone id="Ajustes,settings">Accesos directos y accesibilidad</phone>
<phone id="Ajustes,settings">Bienestar digital y controles parentales</phone>
<phone id="Ajustes,settings">Google</phone>
<phone id="Ajustes,settings">Cuentas</phone>
<phone id="Ajustes,settings">Sistema</phone>
<phone id="Ajustes,settings">Acerca del teléfono</phone>
<phone id="Ajustes,settings">Opciones para programadores</phone>
<phone id="Ajustes,settings">Actualización del sistema</phone>
<phone id="Ajustes,settings">Clonación de aplicaciones</phone>

<phone id="Mantenimiento del dispositivo,maintain">Acerca del mantenimiento</phone>
<phone id="Mantenimiento del dispositivo,maintain">Teléfono y accesorios</phone>
<phone id="Mantenimiento del dispositivo,maintain">Ayuda</phone>
<phone id="Mantenimiento del dispositivo,maintain">Formatos de archivo admitidos</phone>
<phone id="Mantenimiento del dispositivo,maintain">Instrucciones para la conexión por USB</phone>

<!--
我是跳转配置分割线，以前的内容往上面添加，下面写跳转目录配置。
格式：<skip id="visitmode">Ajustes,访客模式</skip>
visitmode：跳转名称，与说明书开发约定一致即可
Ajustes,访客模式：访客模式的说明书路径
-->
<skip id="usbhelp">Mantenimiento del dispositivo,Instrucciones para la conexión por USB</skip>
<skip id="usbdebug">Ajustes,Opciones para programadores</skip>
<skip id="appclone">Ajustes,Clonación de aplicaciones</skip>
</phones>
