<!--  
这个为菜单列表，注意编辑的格式!例如：
<phone id="手机概览,overview">手机外观</phone>
1、手机概览：一级标题名称
2、overview：这个为assets下的各个模块文件夹的名称，记住这个值一定要与文件夹的名称对应，不然链接会出错
3、手机外观：二级标题名称
4、手机概览与overview之间的逗号为英文状态下的，请注意
5、各个模块文件夹的html文件一定要按照顺序来命名，即XXX_1到XXX_n来命名，中间不能有断续
-->
<phones>
<phone id="ພາບ​ລວມ ແລະ ຄຳ​ແນະ​ນຳ​ເລີ່ມ​ຕົ້ນ​ໂດຍ​ຫຍໍ້,overview">ການ​ແນະ​ນຳ​ກ່ຽວ​ກັບ​ພາຍນອກ​ຂອ​ງ​ໂທ​ລະ​ສັບ</phone>
<phone id="ພາບ​ລວມ ແລະ ຄຳ​ແນະ​ນຳ​ເລີ່ມ​ຕົ້ນ​ໂດຍ​ຫຍໍ້,overview">​ການ​ຕິດ​ຕັ້ງ ແລະ ການ​ກະ​ກຽມ</phone>
<phone id="ພາບ​ລວມ ແລະ ຄຳ​ແນະ​ນຳ​ເລີ່ມ​ຕົ້ນ​ໂດຍ​ຫຍໍ້,overview">​ໄອ​ຄອນແຖບສະຖານະ ແລະການແຈ້ງເຕືອນ</phone>
<phone id="ພາບ​ລວມ ແລະ ຄຳ​ແນະ​ນຳ​ເລີ່ມ​ຕົ້ນ​ໂດຍ​ຫຍໍ້,overview">​ການ​ແນະ​ນຳໜ້າຈໍຫຼັກ​</phone>

<phone id="ແອັບໜ້າຈໍຫຼັກ,desktop">iManager</phone>
<phone id="ແອັບໜ້າຈໍຫຼັກ,desktop">ກ້ອງຖ່າຍຮູບ</phone>
<phone id="ແອັບໜ້າຈໍຫຼັກ,desktop">ອາລະບຳຮູບ</phone>
<phone id="ແອັບໜ້າຈໍຫຼັກ,desktop">ຈັກຄິດໄລ່</phone>
<phone id="ແອັບໜ້າຈໍຫຼັກ,desktop">ເຄື່ອງບັນທຶກ</phone>
<phone id="ແອັບໜ້າຈໍຫຼັກ,desktop">ໂມງປຸກ</phone>
<phone id="ແອັບໜ້າຈໍຫຼັກ,desktop">ເຂັມຊີ້ທິດ</phone>
<phone id="ແອັບໜ້າຈໍຫຼັກ,desktop">vivo.com</phone>
<phone id="ແອັບໜ້າຈໍຫຼັກ,desktop">ແອັບ Google</phone>

<phone id="ການ​ຕັ້ງ​ຄ່າ,settings">ເຄືອ​ຂ່າຍ ແລະ ອິນ​ເຕີ​ເນັດ</phone>
<phone id="ການ​ຕັ້ງ​ຄ່າ,settings">ການ​ເຊື່ອມ​ຕໍ່​ບ​ລູ​ທູດ ແລະ ອຸ​ປະ​ກອນ</phone>
<phone id="ການ​ຕັ້ງ​ຄ່າ,settings">ການສະແດງແລະຄວາມແຈ້ງ</phone>
<phone id="ການ​ຕັ້ງ​ຄ່າ,settings">​ໜ້າ​ຈໍ​ລັອກ ແລະ ພາບ​ພື້ນຫຼັງ</phone>
<phone id="ການ​ຕັ້ງ​ຄ່າ,settings">​ເອັບ​ເຝັກ​ແບບ​ໄດ​ນາ​ມິກ</phone>
<phone id="ການ​ຕັ້ງ​ຄ່າ,settings">ສຽງ</phone>
<phone id="ການ​ຕັ້ງ​ຄ່າ,settings">ແອັບ ແລະ ການ​ແຈ້ງ​ເຕືອນ</phone>
<phone id="ການ​ຕັ້ງ​ຄ່າ,settings">ແບັດເຕີຣີ</phone>
<phone id="ການ​ຕັ້ງ​ຄ່າ,settings">ພື້ນທີ່ເກັບຂໍ້ມູນ</phone>
<phone id="ການ​ຕັ້ງ​ຄ່າ,settings">ປອດໄພ</phone>
<phone id="ການ​ຕັ້ງ​ຄ່າ,settings">ຄວາມເປັນສ່ວນຕົວ</phone>
<phone id="ການ​ຕັ້ງ​ຄ່າ,settings">​ຈຸດ​ທີ່​ຕັ້ງ</phone>
<phone id="ການ​ຕັ້ງ​ຄ່າ,settings">​ກ່ອງ​ເກມ</phone>
<phone id="ການ​ຕັ້ງ​ຄ່າ,settings">​ທາງ​ລັດ ແລະ ການ​ຊ່ວຍ​ການ​ເຂົ້າ​ເຖິງ</phone>
<phone id="ການ​ຕັ້ງ​ຄ່າ,settings">ສຸຂະພາບດີຈີຕອນແລະການຄວບຄຸມຂອງຜູ້ປົກຄອງ</phone>
<phone id="ການ​ຕັ້ງ​ຄ່າ,settings">​Google</phone>
<phone id="ການ​ຕັ້ງ​ຄ່າ,settings">ບັນຊີ</phone>
<phone id="ການ​ຕັ້ງ​ຄ່າ,settings">ລະບົບ</phone>
<phone id="ການ​ຕັ້ງ​ຄ່າ,settings">ກ່ຽວກັບໂທລະສັບ</phone>
<phone id="ການ​ຕັ້ງ​ຄ່າ,settings">ຕົວເລືອກນັກພັດທະນາ</phone>
<phone id="ການ​ຕັ້ງ​ຄ່າ,settings">ການອັບເດດລະບົບ</phone>
<phone id="ການ​ຕັ້ງ​ຄ່າ,settings">​ການລອກແບບແອັບ</phone>

<phone id="ການ​ບຳ​ລຸງ​ຮັກ​ສາ ແລະ ການ​ບໍ​ລິ​ການ​ສ້ອມ​ແປງ,maintain">​ກ່ຽວ​ກັບ​ການ​ບຳ​ລຸງ​ຮັກ​ສາ</phone>
<phone id="ການ​ບຳ​ລຸງ​ຮັກ​ສາ ແລະ ການ​ບໍ​ລິ​ການ​ສ້ອມ​ແປງ,maintain">ໂທ​ລະ​ສັບ ແລະ ອຸ​ປະ​ກອນ​ເສີມ</phone>
<phone id="ການ​ບຳ​ລຸງ​ຮັກ​ສາ ແລະ ການ​ບໍ​ລິ​ການ​ສ້ອມ​ແປງ,maintain">ຄວາມຊ່ວຍເຫຼືອ</phone>
<phone id="ການ​ບຳ​ລຸງ​ຮັກ​ສາ ແລະ ການ​ບໍ​ລິ​ການ​ສ້ອມ​ແປງ,maintain">​ຮູບ​ແບບ​ໄຟ​ລ໌​ທີ່​ຮອງ​ຮັບ</phone>
<phone id="ການ​ບຳ​ລຸງ​ຮັກ​ສາ ແລະ ການ​ບໍ​ລິ​ການ​ສ້ອມ​ແປງ,maintain">ຄຳ​ແນະ​ນຳ​​ກ່ຽວ​ກັບການ​ເຊື່ອມ​ຕໍ່ USB</phone>

<!--
我是跳转配置分割线，以前的内容往上面添加，下面写跳转目录配置。
格式：<skip id="visitmode">设置,访客模式</skip>
visitmode：跳转名称，与说明书开发约定一致即可
设置,访客模式：访客模式的说明书路径
-->
<skip id="usbhelp">ການ​ບຳ​ລຸງ​ຮັກ​ສາ ແລະ ການ​ບໍ​ລິ​ການ​ສ້ອມ​ແປງ,ຄຳ​ແນະ​ນຳ​​ກ່ຽວ​ກັບການ​ເຊື່ອມ​ຕໍ່ USB</skip>
<skip id="usbdebug">ການ​ຕັ້ງ​ຄ່າ,​ຕົວເລືອກນັກພັດທະນາ</skip>
<skip id="appclone">ການ​ຕັ້ງ​ຄ່າ,​ການລອກແບບແອັບ</skip>
</phones>