
<!--
这个为菜单列表，注意编辑的格式!例如：
<phone id="手机概览,overview">手机外观</phone>
1、手机概览：一级标题名称
2、overview：这个为assets下的各个模块文件夹的名称，记住这个值一定要与文件夹的名称对应，不然链接会出错
3、手机外观：二级标题名称
4、手机概览与overview之间的逗号为英文状态下的，请注意
5、各个模块文件夹的html文件一定要按照顺序来命名，即XXX_1到XXX_n来命名，中间不能有断续
--><phones>
<phone id="ओवरव्यू और त्वरीत प्रारंभ मार्गदर्शिका,overview">फ़ोन के बाह्य भाग का परिचय</phone>
<phone id="ओवरव्यू और त्वरीत प्रारंभ मार्गदर्शिका,overview">स्थापना और तैयारी</phone>
<phone id="ओवरव्यू और त्वरीत प्रारंभ मार्गदर्शिका,overview">स्टेटस बार आइकन और नोटिफ़िकेशन</phone>
<phone id="ओवरव्यू और त्वरीत प्रारंभ मार्गदर्शिका,overview">होम स्क्रीन का परिचय</phone>

<phone id="होम स्क्रीन ऐप्स,desktop">iManager</phone>
<phone id="होम स्क्रीन ऐप्स,desktop">कैमरा</phone>
<phone id="होम स्क्रीन ऐप्स,desktop">एल्बम</phone>
<phone id="होम स्क्रीन ऐप्स,desktop">कैल्कुलेटर</phone>
<phone id="होम स्क्रीन ऐप्स,desktop">रिकॉर्डर</phone>
<phone id="होम स्क्रीन ऐप्स,desktop">घड़ी</phone>
<phone id="होम स्क्रीन ऐप्स,desktop">कंपास</phone>
<phone id="होम स्क्रीन ऐप्स,desktop">vivo.com</phone>
<phone id="होम स्क्रीन ऐप्स,desktop">Google ऐप्स</phone>

<phone id="सेटिंग्स,settings">नेटवर्क और इंटरनेट</phone>
<phone id="सेटिंग्स,settings">ब्लूटूथ और डिवाइस</phone>
<phone id="सेटिंग्स,settings">प्रदर्शन और चमक</phone>
<phone id="सेटिंग्स,settings">लॉक स्क्रीन और वॉलपेपर</phone>
<phone id="सेटिंग्स,settings">डायनेमिक प्रभाव</phone>
<phone id="सेटिंग्स,settings">ध्वनि</phone>
<phone id="सेटिंग्स,settings">ऐप्स और नोटिफ़िकेशन</phone>
<phone id="सेटिंग्स,settings">बैटरी</phone>
<phone id="सेटिंग्स,settings">स्टोरेज</phone>
<phone id="सेटिंग्स,settings">सुरक्षा</phone>
<phone id="सेटिंग्स,settings">निजता</phone>
<phone id="सेटिंग्स,settings">स्थान</phone>
<phone id="सेटिंग्स,settings">अल्ट्रा गेम मोड</phone>
<phone id="सेटिंग्स,settings">शॉर्टकट और पहुंच क्षमता</phone>
<phone id="सेटिंग्स,settings">डिजिटल वेलबीइंग और माता-पिता के नियंत्रण</phone>
<phone id="सेटिंग्स,settings">Google</phone>
<phone id="सेटिंग्स,settings">खाते</phone>
<phone id="सेटिंग्स,settings">सिस्टम</phone>
<phone id="सेटिंग्स,settings">फ़ोन के बारे में</phone>
<phone id="सेटिंग्स,settings">डेवलपर विकल्प</phone>
<phone id="सेटिंग्स,settings">सिस्टम अपडेट</phone>
<phone id="सेटिंग्स,settings">ऐप क्लोन</phone>

<phone id="रखरखाव और सर्विसिंग,maintain">रखरखाव के बारे में</phone>
<phone id="रखरखाव और सर्विसिंग,maintain">फ़ोन और एक्सेसरीज़</phone>
<phone id="रखरखाव और सर्विसिंग,maintain">सहायता</phone>
<phone id="रखरखाव और सर्विसिंग,maintain">समर्थित फ़ाइल फ़ॉर्मेट</phone>
<phone id="रखरखाव और सर्विसिंग,maintain">USB कनेक्ट करने के बारे में निर्देश</phone>

<!--
我是跳转配置分割线，以前的内容往上面添加，下面写跳转目录配置。
格式：<skip id="visitmode">设置,访客模式</skip>
visitmode：跳转名称，与说明书开发约定一致即可
设置,访客模式：访客模式的说明书路径
-->
<skip id="usbhelp">रखरखाव और सर्विसिंग,USB कनेक्ट करने के बारे में निर्देश</skip>
<skip id="usbdebug">सेटिंग्स,डेवलपर विकल्प</skip>
<skip id="appclone">सेटिंग्स,ऐप क्लोन</skip>
</phones>