﻿<!--  
这个为菜单列表，注意编辑的格式!例如：
<phone id="手机概览,overview">手机外观</phone>
1、手机概览：一级标题名称
2、overview：这个为assets下的各个模块文件夹的名称，记住这个值一定要与文件夹的名称对应，不然链接会出错
3、手机外观：二级标题名称
4、手机概览与overview之间的逗号为英文状态下的，请注意
5、各个模块文件夹的html文件一定要按照顺序来命名，即XXX_1到XXX_n来命名，中间不能有断续
-->
<phones>
<phone id="Visión xeral e Guía de inicio rápido,overview">Presentación do exterior do teléfono</phone>
<phone id="Visión xeral e Guía de inicio rápido,overview">Instalación e Preparación</phone>
<phone id="Visión xeral e Guía de inicio rápido,overview">Notificacións e iconas da barra de estado</phone>
<phone id="Visión xeral e Guía de inicio rápido,overview">Presentación da pantalla de inicio</phone>

<phone id="Aplicacións da pantalla de inicio,desktop">iManager</phone>
<phone id="Aplicacións da pantalla de inicio,desktop">Cámara</phone>
<phone id="Aplicacións da pantalla de inicio,desktop">Álbums</phone>
<phone id="Aplicacións da pantalla de inicio,desktop">Calculadora</phone>
<phone id="Aplicacións da pantalla de inicio,desktop">Gravadora</phone>
<phone id="Aplicacións da pantalla de inicio,desktop">Reloxo</phone>
<phone id="Aplicacións da pantalla de inicio,desktop">Compás</phone>
<phone id="Aplicacións da pantalla de inicio,desktop">vivo.com</phone>
<phone id="Aplicacións da pantalla de inicio,desktop">Aplicacións de Google</phone>

<phone id="Configuración,settings">Rede e internet</phone>
<phone id="Configuración,settings">Conexión do dispositivo e do Bluetooth</phone>
<phone id="Configuración,settings">Pantalla e luminosidade</phone>
<phone id="Configuración,settings">Pantalla de bloqueo e fondo de escritorio</phone>
<phone id="Configuración,settings">Efectos dinámicos</phone>
<phone id="Configuración,settings">Son</phone>
<phone id="Configuración,settings">Aplicacións e notificacións</phone>
<phone id="Configuración,settings">Batería</phone>
<phone id="Configuración,settings">Almacenamento</phone>
<phone id="Configuración,settings">Seguranza</phone>
<phone id="Configuración,settings">Privacidade</phone>
<phone id="Configuración,settings">Localización</phone>
<phone id="Configuración,settings">Modo de xogo ultra</phone>
<phone id="Configuración,settings">Accesos directos e accesibilidade</phone>
<phone id="Configuración,settings">Benestar dixital e controis parentais</phone>
<phone id="Configuración,settings">Google</phone>
<phone id="Configuración,settings">Contas</phone>
<phone id="Configuración,settings">Sistema</phone>
<phone id="Configuración,settings">Acerca do teléfono</phone>
<phone id="Configuración,settings">Opcións para programadores</phone>
<phone id="Configuración,settings">Actualización do sistema</phone>
<phone id="Configuración,settings">Clonar aplicacións</phone>

<phone id="Mantemento e servizo,maintain">Sobre o mantemento</phone>
<phone id="Mantemento e servizo,maintain">Teléfono e accesorios</phone>
<phone id="Mantemento e servizo,maintain">Axuda</phone>
<phone id="Mantemento e servizo,maintain">Formato de arquivos compatibles</phone>
<phone id="Mantemento e servizo,maintain">Instrucións sobre a conexión USB</phone>

<!--
我是跳转配置分割线，以前的内容往上面添加，下面写跳转目录配置。
格式：<skip id="visitmode">设置,访客模式</skip>
visitmode：跳转名称，与说明书开发约定一致即可
设置,访客模式：访客模式的说明书路径
-->
<skip id="usbhelp">Mantemento e servizo,Instrucións sobre a conexión USB</skip>
<skip id="usbdebug">Configuración,Opcións para programadores</skip>
<skip id="appclone">Configuración,Clonar aplicacións</skip>
</phones>