<!--  
这个为菜单列表，注意编辑的格式!例如：
<phone id="手机概览,overview">手机外观</phone>
1、手机概览：一级标题名称
2、overview：这个为assets下的各个模块文件夹的名称，记住这个值一定要与文件夹的名称对应，不然链接会出错
3、手机外观：二级标题名称
4、手机概览与overview之间的逗号为英文状态下的，请注意
5、各个模块文件夹的html文件一定要按照顺序来命名，即XXX_1到XXX_n来命名，中间不能有断续
-->
<phones>
<phone id="ခြုံငုံကြည့်ခြင်းနှင့် အမြန်စတင်မှု လမ်းညွှန်,overview">ဖုန်းပြင်ပ မိတ်ဆက်</phone>
<phone id="ခြုံငုံကြည့်ခြင်းနှင့် အမြန်စတင်မှု လမ်းညွှန်,overview">ထည့်သွင်းခြင်းနှင့် ပြင်ဆင်ခြင်း</phone>
<phone id="ခြုံငုံကြည့်ခြင်းနှင့် အမြန်စတင်မှု လမ်းညွှန်,overview">အခြေနေပြဘားသင်္ကေတများနှင့်အကြောင်းကြားချက်များ</phone>
<phone id="ခြုံငုံကြည့်ခြင်းနှင့် အမြန်စတင်မှု လမ်းညွှန်,overview">ပင်မ မျက်နှာပြင်ကို မိတ်ဆက်ခြင်း</phone>

<phone id="ပင်မစခရင်အက်ပ်များ,desktop">i Manager</phone>
<phone id="ပင်မစခရင်အက်ပ်များ,desktop">ကင်မရာ</phone>
<phone id="ပင်မစခရင်အက်ပ်များ,desktop">အယ်လ်ဘမ်</phone>
<phone id="ပင်မစခရင်အက်ပ်များ,desktop">ဂဏန်းပေါင်းစက်</phone>
<phone id="ပင်မစခရင်အက်ပ်များ,desktop">အသံဖမ်းစက်</phone>
<phone id="ပင်မစခရင်အက်ပ်များ,desktop">နာရီ</phone>
<phone id="ပင်မစခရင်အက်ပ်များ,desktop">အိမ်မြောင်</phone>
<phone id="ပင်မစခရင်အက်ပ်များ,desktop">vivo.com</phone>
<phone id="ပင်မစခရင်အက်ပ်များ,desktop">Google အက်ပ်များ</phone>

<phone id="ဆက်တင်များ,settings">ကွန်ရက်နှင့် အင်တာနက်</phone>
<phone id="ဆက်တင်များ,settings">ဘလူးတုသ်နှင့်စက်များ</phone>
<phone id="ဆက်တင်များ,settings">ပြသမှုနှင့် တောက်ပမှု</phone>
<phone id="ဆက်တင်များ,settings">လော့ခ်မျက်နှာပြင်နှင့် နောက်ခံပုံ</phone>
<phone id="ဆက်တင်များ,settings">ရွေ့လျား ပြုလုပ်ချက်များ</phone>
<phone id="ဆက်တင်များ,settings">အသံ</phone>
<phone id="ဆက်တင်များ,settings">အက်ပ်များနှင့် သတိပေးအချက်ပြမှုများ</phone>
<phone id="ဆက်တင်များ,settings">ဘက်ထရီ</phone>
<phone id="ဆက်တင်များ,settings">သိုလှောင်ခန်း</phone>
<phone id="ဆက်တင်များ,settings">လုံခြုံရေ</phone>
<phone id="ဆက်တင်များ,settings">ကန့်သတ်ဆက်တင်</phone>
<phone id="ဆက်တင်များ,settings">တည်နေရာ</phone>
<phone id="ဆက်တင်များ,settings">အထူး ဂိမ်းစနစ်</phone>
<phone id="ဆက်တင်များ,settings">ရှော့ကက်များနှင့် ဝင်ရောက်သုံးနိုင်ခွင့်</phone>
<phone id="ဆက်တင်များ,settings">ဒစ်ဂျစ်တယ် အာရောဂျံနှင့် မိဘအထိန်းအချုပ်များ </phone>
<phone id="ဆက်တင်များ,settings">Google</phone>
<phone id="ဆက်တင်များ,settings">ကောင့်များ</phone>
<phone id="ဆက်တင်များ,settings">စနစ်</phone>
<phone id="ဆက်တင်များ,settings">ဖုန်းအကြောင်း</phone>
<phone id="ဆက်တင်များ,settings">တီထွင်သူ ရွေးစရာများ</phone>
<phone id="ဆက်တင်များ,settings">စနစ် မြင့်တင်</phone>
<phone id="ဆက်တင်များ,settings">အက်ပ်အပွား</phone>

<phone id="ပြုပြင်ထိန်းသိမ်းရေး,maintain">ထိန်းသိမ်းရေးအကြောင်း</phone>
<phone id="ပြုပြင်ထိန်းသိမ်းရေး,maintain">ဖုန်းနှင့် အပိုပစ္စည်းများ</phone>
<phone id="ပြုပြင်ထိန်းသိမ်းရေး,maintain">အကူအညီ</phone>
<phone id="ပြုပြင်ထိန်းသိမ်းရေး,maintain">ပံ့ပိုးထားသော ဖိုင်ပုံစံများ</phone>
<phone id="ပြုပြင်ထိန်းသိမ်းရေး,maintain">USB ချိတ်ဆက်မှုအတွက် လမ်းညွှန်ချက်များ</phone>

<!--
我是跳转配置分割线，以前的内容往上面添加，下面写跳转目录配置。
格式：<skip id="visitmode">设置,访客模式</skip>
visitmode：跳转名称，与说明书开发约定一致即可
设置,访客模式：访客模式的说明书路径
-->
<skip id="usbhelp">ပြုပြင်ထိန်းသိမ်းရေး,USB ချိတ်ဆက်မှုအတွက် လမ်းညွှန်ချက်များ</skip>
<skip id="usbdebug">ဆက်တင်များ,တီထွင်သူ ရွေးစရာများ</skip>
<skip id="appclone">ဆက်တင်များ,အက်ပ်အပွား</skip>
</phones>