
<!--  
这个为菜单列表，注意编辑的格式!例如：
<phone id="手机概览,overview">手机外观</phone>
1、手机概览：一级标题名称
2、overview：这个为assets下的各个模块文件夹的名称，记住这个值一定要与文件夹的名称对应，不然链接会出错
3、手机外观：二级标题名称
4、手机概览与overview之间的逗号为英文状态下的，请注意
5、各个模块文件夹的html文件一定要按照顺序来命名，即XXX_1到XXX_n来命名，中间不能有断续
--><phones>
<phone id="Огляд і короткий посібник користувача,overview">Зовнішній вигляд телефона</phone>
<phone id="Огляд і короткий посібник користувача,overview">Налаштування й підготовка до роботи</phone>
<phone id="Огляд і короткий посібник користувача,overview">Значки й сповіщення на рядку стану</phone>
<phone id="Огляд і короткий посібник користувача,overview">Представляємо головний екран.</phone>

<phone id="Програми на головному екрані,desktop">iManager</phone>
<phone id="Програми на головному екрані,desktop">Камера</phone>
<phone id="Програми на головному екрані,desktop">Альбоми</phone>
<phone id="Програми на головному екрані,desktop">Калькулятор</phone>
<phone id="Програми на головному екрані,desktop">Секундомір</phone>
<phone id="Програми на головному екрані,desktop">Годинник</phone>
<phone id="Програми на головному екрані,desktop">Компас</phone>
<phone id="Програми на головному екрані,desktop">vivo.com</phone>
<phone id="Програми на головному екрані,desktop">Програми Google</phone>

<phone id="Налаштування,settings">Мережа й Інтернет</phone>
<phone id="Налаштування,settings">Bluetooth та пристрої</phone>
<phone id="Налаштування,settings">Екран і яскравість</phone>
<phone id="Налаштування,settings">Екран блокування та шпалери</phone>
<phone id="Налаштування,settings">Динамічні ефекти</phone>
<phone id="Налаштування,settings">Звук</phone>
<phone id="Налаштування,settings">Програми та сповіщення</phone>
<phone id="Налаштування,settings">Акумулятор</phone>
<phone id="Налаштування,settings">Пам’ять</phone>
<phone id="Налаштування,settings">Безпека</phone>
<phone id="Налаштування,settings">Конфіденційність</phone>
<phone id="Налаштування,settings">Місцезнаходження</phone>
<phone id="Налаштування,settings">Ігровий режим Ultra</phone>
<phone id="Налаштування,settings">Швидкі команди та спеціальні можливості</phone>
<phone id="Налаштування,settings">Цифровий добробут i батьківський контроль</phone>
<phone id="Налаштування,settings">Google</phone>
<phone id="Налаштування,settings">Обліковий запис</phone>
<phone id="Налаштування,settings">Система</phone>
<phone id="Налаштування,settings">Про телефон</phone>
<phone id="Налаштування,settings">Опції для розробників</phone>
<phone id="Налаштування,settings">Оновлення системи</phone>
<phone id="Налаштування,settings">Клон програми</phone>

<phone id="Обслуговування,maintain">Про технічне обслуговування</phone>
<phone id="Обслуговування,maintain">Телефон та аксесуари</phone>
<phone id="Обслуговування,maintain">Допомога</phone>
<phone id="Обслуговування,maintain">Формати файлів, що підтримуються</phone>
<phone id="Обслуговування,maintain">Інструкції з підключення через USB</phone>

<!--
我是跳转配置分割线，以前的内容往上面添加，下面写跳转目录配置。
格式：<skip id="visitmode">设置,访客模式</skip>
visitmode：跳转名称，与说明书开发约定一致即可
设置,访客模式：访客模式的说明书路径
-->
<skip id="usbhelp">Обслуговування,Інструкції з підключення через USB</skip>
<skip id="usbdebug">Налаштування,Опції для розробників</skip>
<skip id="appclone">Налаштування,Клон програми</skip>
</phones>