<!--  
这个为菜单列表，注意编辑的格式!例如：
<phone id="手机概览,overview">手机外观</phone>
1、手机概览：一级标题名称
2、overview：这个为assets下的各个模块文件夹的名称，记住这个值一定要与文件夹的名称对应，不然链接会出错
3、手机外观：二级标题名称
4、手机概览与overview之间的逗号为英文状态下的，请注意
5、各个模块文件夹的html文件一定要按照顺序来命名，即XXX_1到XXX_n来命名，中间不能有断续
-->
<phones>
<phone id="Przegląd i skrócona instrukcja obsługi,overview">Informacje o wyglądzie zewnętrznym telefonu</phone>
<phone id="Przegląd i skrócona instrukcja obsługi,overview">Instalacja i przygotowanie</phone>
<phone id="Przegląd i skrócona instrukcja obsługi,overview">Ikony i powiadomienia na pasku stanu</phone>
<phone id="Przegląd i skrócona instrukcja obsługi,overview">Wprowadzenie do ekranu głównego</phone>

<phone id="Aplikacje komputerowe,desktop">iManager</phone>
<phone id="Aplikacje komputerowe,desktop">Aparat</phone>
<phone id="Aplikacje komputerowe,desktop">Albumy</phone>
<phone id="Aplikacje komputerowe,desktop">Kalkulator</phone>
<phone id="Aplikacje komputerowe,desktop">Dyktafon</phone>
<phone id="Aplikacje komputerowe,desktop">Zegar</phone>
<phone id="Aplikacje komputerowe,desktop">Kompas</phone>
<phone id="Aplikacje komputerowe,desktop">vivo.com</phone>
<phone id="Aplikacje komputerowe,desktop">Aplikacje Google</phone>

<phone id="Ustawienia,settings">Sieć i internet</phone>
<phone id="Ustawienia,settings">Bluetooth i połączenie urządzeń</phone>
<phone id="Ustawienia,settings">Wyświetlacz i jasność</phone>
<phone id="Ustawienia,settings">Ekran blokady i tapeta</phone>
<phone id="Ustawienia,settings">Efekty dynamiczne</phone>
<phone id="Ustawienia,settings">Dźwięk</phone>
<phone id="Ustawienia,settings">Aplikacje i powiadomienia</phone>
<phone id="Ustawienia,settings">Bateria</phone>
<phone id="Ustawienia,settings">Pamięć masowa</phone>
<phone id="Ustawienia,settings">Zabezpieczenia</phone>
<phone id="Ustawienia,settings">Prywatność</phone>
<phone id="Ustawienia,settings">Lokalizacja</phone>
<phone id="Ustawienia,settings">Tryb ultragry</phone>
<phone id="Ustawienia,settings">Skróty i ułatwienia dostępu</phone>
<phone id="Ustawienia,settings">Cyfrowa równowaga i kontrola rodzicielska</phone>
<phone id="Ustawienia,settings">Google</phone>
<phone id="Ustawienia,settings">Konta</phone>
<phone id="Ustawienia,settings">System</phone>
<phone id="Ustawienia,settings">Informacje o telefonie</phone>
<phone id="Ustawienia,settings">Opcje programistyczne</phone>
<phone id="Ustawienia,settings">Aktualizacja systemu</phone>
<phone id="Ustawienia,settings">Klon aplikacji</phone>

<phone id="Konserwacja i serwis,maintain">Konserwacja</phone>
<phone id="Konserwacja i serwis,maintain">Telefon i akcesoria</phone>
<phone id="Konserwacja i serwis,maintain">Pomoc</phone>
<phone id="Konserwacja i serwis,maintain">Obsługiwane formaty plików</phone>
<phone id="Konserwacja i serwis,maintain">Instrukcja połączenia USB</phone>

<!--
我是跳转配置分割线，以前的内容往上面添加，下面写跳转目录配置。
格式：<skip id="visitmode">设置,访客模式</skip>
visitmode：跳转名称，与说明书开发约定一致即可
设置,访客模式：访客模式的说明书路径
-->
<skip id="usbhelp">Konserwacja i serwis,Instrukcja połączenia USB</skip>
<skip id="usbdebug">Ustawienia,Opcje programistyczne</skip>
<skip id="appclone">Ustawienia,Klon aplikacji</skip>
</phones>
