<!--  
这个为菜单列表，注意编辑的格式!例如：
<phone id="手机概览,overview">手机外观</phone>
1、手机概览：一级标题名称
2、overview：这个为assets下的各个模块文件夹的名称，记住这个值一定要与文件夹的名称对应，不然链接会出错
3、手机外观：二级标题名称
4、手机概览与overview之间的逗号为英文状态下的，请注意
5、各个模块文件夹的html文件一定要按照顺序来命名，即XXX_1到XXX_n来命名，中间不能有断续
-->
<phones>
<phone id="Обзор и краткое рук-во пользов.,overview">Внешний вид телефона</phone>
<phone id="Обзор и краткое рук-во пользов.,overview">Установка и подготовка</phone>
<phone id="Обзор и краткое рук-во пользов.,overview">Строка сост. и уведомл.</phone>
<phone id="Обзор и краткое рук-во пользов.,overview">Знакомство с начальным экраном</phone>

<phone id="Приложения на начальном экране,desktop">Изменение начального экрана</phone>
<phone id="Приложения на начальном экране,desktop">Камера</phone>
<phone id="Приложения на начальном экране,desktop">Альбомы</phone>
<phone id="Приложения на начальном экране,desktop">Калькулятор</phone>
<phone id="Приложения на начальном экране,desktop">Диктофон</phone>
<phone id="Приложения на начальном экране,desktop">Часы</phone>
<phone id="Приложения на начальном экране,desktop">Компас</phone>
<phone id="Приложения на начальном экране,desktop">vivo.com</phone>
<phone id="Приложения на начальном экране,desktop">Приложения Google</phone>

<phone id="Настройки,settings">Сеть и интернет</phone>
<phone id="Настройки,settings">Соединение с устройством и Bluetooth</phone>
<phone id="Настройки,settings">Экран и яркость</phone>
<phone id="Настройки,settings">Экран блокировки и обои</phone>
<phone id="Настройки,settings">Динамические эффекты</phone>
<phone id="Настройки,settings">Звук</phone>
<phone id="Настройки,settings">Приложения и уведомления</phone>
<phone id="Настройки,settings">Батарея</phone>
<phone id="Настройки,settings">Память</phone>
<phone id="Настройки,settings">Безопасность</phone>
<phone id="Настройки,settings">Конфиденциальность</phone>
<phone id="Настройки,settings">Геолокация</phone>
<phone id="Настройки,settings">Ультраигровой режим</phone>
<phone id="Настройки,settings">Ярлыки и специальные возможности</phone>
<phone id="Настройки,settings">Цифровое благополучие и родительский контроль</phone>
<phone id="Настройки,settings">Google</phone>
<phone id="Настройки,settings">Аккаунты</phone>
<phone id="Настройки,settings">Система</phone>
<phone id="Настройки,settings">О телефоне</phone>
<phone id="Настройки,settings">Параметры разработчиков</phone>
<phone id="Настройки,settings">Обновление системы</phone>
<phone id="Настройки,settings">Клон приложения</phone>

<phone id="Поддержка и обслуживание,maintain">Об обслуживании</phone>
<phone id="Поддержка и обслуживание,maintain">Телефон и аксессуары</phone>
<phone id="Поддержка и обслуживание,maintain">Справка</phone>
<phone id="Поддержка и обслуживание,maintain">Поддержив. форматы файлов</phone>
<phone id="Поддержка и обслуживание,maintain">Инструкции для подключения USB</phone>

<!--
我是跳转配置分割线，以前的内容往上面添加，下面写跳转目录配置。
格式：<skip id="visitmode">设置,访客模式</skip>
visitmode：跳转名称，与说明书开发约定一致即可
设置,访客模式：访客模式的说明书路径
-->
<skip id="usbhelp">Поддержка и обслуживание,Инструкции для подключения USB</skip>
<skip id="usbdebug">Настройки,Параметры разработчиков</skip>
<skip id="appclone">Настройки,Клон приложения</skip>
</phones>