<!--  
这个为菜单列表，注意编辑的格式!例如：
<phone id="手机概览,overview">手机外观</phone>
1、手机概览：一级标题名称
2、overview：这个为assets下的各个模块文件夹的名称，记住这个值一定要与文件夹的名称对应，不然链接会出错
3、手机外观：二级标题名称
4、手机概览与overview之间的逗号为英文状态下的，请注意
5、各个模块文件夹的html文件一定要按照顺序来命名，即XXX_1到XXX_n来命名，中间不能有断续
-->
<phones>
<phone id="Tổng quan và hướng dẫn bắt đầu nhanh,overview">Giới thiệu về hình dáng bên ngoài của điện thoại</phone>
<phone id="Tổng quan và hướng dẫn bắt đầu nhanh,overview">Cài đặt và chuẩn bị</phone>
<phone id="Tổng quan và hướng dẫn bắt đầu nhanh,overview">Các biểu tượng và thông báo của thanh trạng thái</phone>
<phone id="Tổng quan và hướng dẫn bắt đầu nhanh,overview">Giới thiệu màn hình chính</phone>

<phone id="Ứng dụng trên màn hình chính,desktop">i Manager</phone>
<phone id="Ứng dụng trên màn hình chính,desktop">Camera</phone>
<phone id="Ứng dụng trên màn hình chính,desktop">Album</phone>
<phone id="Ứng dụng trên màn hình chính,desktop">Máy tính</phone>
<phone id="Ứng dụng trên màn hình chính,desktop">Ghi âm</phone>
<phone id="Ứng dụng trên màn hình chính,desktop">Đồng hồ</phone>
<phone id="Ứng dụng trên màn hình chính,desktop">La bàn</phone>
<phone id="Ứng dụng trên màn hình chính,desktop">vivo.com</phone>
<phone id="Ứng dụng trên màn hình chính,desktop">Ứng dụng Google</phone>

<phone id="Cài đặt,settings">Mạng và Internet</phone>
<phone id="Cài đặt,settings">Bluetooth và kết nối thiết bị</phone>
<phone id="Cài đặt,settings">Hiển thị và độ sáng</phone>
<phone id="Cài đặt,settings">Màn hình khóa và hình nền</phone>
<phone id="Cài đặt,settings">Hiệu ứng động</phone>
<phone id="Cài đặt,settings">Âm thanh</phone>
<phone id="Cài đặt,settings">Ứng dụng và thông báo</phone>
<phone id="Cài đặt,settings">Pin</phone>
<phone id="Cài đặt,settings">Lưu trữ</phone>
<phone id="Cài đặt,settings">An toàn</phone>
<phone id="Cài đặt,settings">Quyền riêng tư</phone>
<phone id="Cài đặt,settings">Vị trí</phone>
<phone id="Cài đặt,settings">Chế độ siêu trò chơi</phone>
<phone id="Cài đặt,settings">Lối tắt và trợ năng</phone>
<phone id="Cài đặt,settings">Sức khỏe kỹ thuật số &amp; quyền kiểm soát của cha mẹ</phone>
<phone id="Cài đặt,settings">Google</phone>
<phone id="Cài đặt,settings">Số tài khoản</phone>
<phone id="Cài đặt,settings">Hệ thống</phone>
<phone id="Cài đặt,settings">Giới thiệu về điện thoại</phone>
<phone id="Cài đặt,settings">Tùy chọn nhà phát triển</phone>
<phone id="Cài đặt,settings">Bản cập nhật hệ thống</phone>
<phone id="Cài đặt,settings">Nhân bản ứng dụng</phone>

<phone id="Bảo trì thiết bị,maintain">Giới thiệu về bảo trì</phone>
<phone id="Bảo trì thiết bị,maintain">Điện thoại và phụ kiện</phone>
<phone id="Bảo trì thiết bị,maintain">Trợ giúp</phone>
<phone id="Bảo trì thiết bị,maintain">Các định dạng tệp được hỗ trợ</phone>
<phone id="Bảo trì thiết bị,maintain">Giới thiệu về kết nối USB</phone>

<!--
我是跳转配置分割线，以前的内容往上面添加，下面写跳转目录配置。
格式：<skip id="visitmode">设置,访客模式</skip>
visitmode：跳转名称，与说明书开发约定一致即可
设置,访客模式：访客模式的说明书路径
-->
<skip id="usbhelp">Bảo trì thiết bị,Giới thiệu về kết nối USB</skip>
<skip id="usbdebug">Cài đặt,Tùy chọn nhà phát triển</skip>
<skip id="appclone">Cài đặt,Nhân bản ứng dụng</skip>
</phones>
