
<!--  
这个为菜单列表，注意编辑的格式!例如：
<phone id="手机概览,overview">手机外观</phone>
1、手机概览：一级标题名称
2、overview：这个为assets下的各个模块文件夹的名称，记住这个值一定要与文件夹的名称对应，不然链接会出错
3、手机外观：二级标题名称
4、手机概览与overview之间的逗号为英文状态下的，请注意
5、各个模块文件夹的html文件一定要按照顺序来命名，即XXX_1到XXX_n来命名，中间不能有断续
--><phones>
<phone id="Ikhtisar dan Panduan Mulai Cepat,overview">Pengantar eksterior telepon</phone>
<phone id="Ikhtisar dan Panduan Mulai Cepat,overview">Pemasangan dan Persiapan</phone>
<phone id="Ikhtisar dan Panduan Mulai Cepat,overview">Ikon bilah status dan pemberitahuan</phone>
<phone id="Ikhtisar dan Panduan Mulai Cepat,overview">Memperkenalkan layar beranda</phone>

<phone id="Aplikasi layar beranda,desktop">i Manager</phone>
<phone id="Aplikasi layar beranda,desktop">Kamera</phone>
<phone id="Aplikasi layar beranda,desktop">Album</phone>
<phone id="Aplikasi layar beranda,desktop">Kalkulator</phone>
<phone id="Aplikasi layar beranda,desktop">Perekam</phone>
<phone id="Aplikasi layar beranda,desktop">Jam</phone>
<phone id="Aplikasi layar beranda,desktop">Kompas</phone>
<phone id="Aplikasi layar beranda,desktop">vivo.com</phone>
<phone id="Aplikasi layar beranda,desktop">Aplikasi Google</phone>

<phone id="Pengaturan,settings">Jaringan dan Internet</phone>
<phone id="Pengaturan,settings">Bluetooth &amp; perangkat</phone>
<phone id="Pengaturan,settings">Tampilan dan Kecerahan</phone>
<phone id="Pengaturan,settings">Layar kunci dan wallpaper</phone>
<phone id="Pengaturan,settings">Efek Dinamis</phone>
<phone id="Pengaturan,settings">Suara</phone>
<phone id="Pengaturan,settings">Aplikasi dan notifikasi</phone>
<phone id="Pengaturan,settings">Baterai</phone>
<phone id="Pengaturan,settings">Penyimpanan</phone>
<phone id="Pengaturan,settings">Keamanan</phone>
<phone id="Pengaturan,settings">Privasi</phone>
<phone id="Pengaturan,settings">Lokasi</phone>
<phone id="Pengaturan,settings">Mode Game Ultra</phone>
<phone id="Pengaturan,settings">Pintasan dan Aksesibilitas</phone>
<phone id="Pengaturan,settings">Kesehatan Digital &amp; kontrol orang tua</phone>
<phone id="Pengaturan,settings">Google</phone>
<phone id="Pengaturan,settings">Akun</phone>
<phone id="Pengaturan,settings">Sistem</phone>
<phone id="Pengaturan,settings">Tentang ponsel</phone>
<phone id="Pengaturan,settings">Opsi Pengembang</phone>
<phone id="Pengaturan,settings">Pembaruan sistem</phone>
<phone id="Pengaturan,settings">Kloning aplikasi</phone>

<phone id="Perawatan Perangkat,maintain">Tentang perawatan</phone>
<phone id="Perawatan Perangkat,maintain">Telepon dan aksesori</phone>
<phone id="Perawatan Perangkat,maintain">Bantuan</phone>
<phone id="Perawatan Perangkat,maintain">Format file yang didukung</phone>
<phone id="Perawatan Perangkat,maintain">Petunjuk sambungan USB</phone>

<!--
我是跳转配置分割线，以前的内容往上面添加，下面写跳转目录配置。
格式：<skip id="visitmode">设置,访客模式</skip>
visitmode：跳转名称，与说明书开发约定一致即可
设置,访客模式：访客模式的说明书路径
-->
<skip id="usbhelp">Perawatan Perangkat,Petunjuk sambungan USB</skip>
<skip id="usbdebug">Pengaturan,Opsi Pengembang</skip>
<skip id="appclone">Pengaturan,Kloning aplikasi</skip>
</phones>