<!--  
这个为菜单列表，注意编辑的格式!例如：
<phone id="手机概览,overview">手机外观</phone>
1、手机概览：一级标题名称
2、overview：这个为assets下的各个模块文件夹的名称，记住这个值一定要与文件夹的名称对应，不然链接会出错
3、手机外观：二级标题名称
4、手机概览与overview之间的逗号为英文状态下的，请注意
5、各个模块文件夹的html文件一定要按照顺序来命名，即XXX_1到XXX_n来命名，中间不能有断续
-->
<phones>
<phone id="Aperçu et guide de démarrage rapide,overview">Présentation de la partie externe du téléphone</phone>
<phone id="Aperçu et guide de démarrage rapide,overview">Installation et préparation</phone>
<phone id="Aperçu et guide de démarrage rapide,overview">Icônes et notifications de la barre détat</phone>
<phone id="Aperçu et guide de démarrage rapide,overview">Présentation de l'écran d'accueil</phone>

<phone id="Applis du bureau,desktop">iManager</phone>
<phone id="Applis du bureau,desktop">Appareil photo</phone>
<phone id="Applis du bureau,desktop">Albums</phone>
<phone id="Applis du bureau,desktop">Calculatrice</phone>
<phone id="Applis du bureau,desktop">Magnétophone</phone>
<phone id="Applis du bureau,desktop">Horloge</phone>
<phone id="Applis du bureau,desktop">Boussole</phone>
<phone id="Applis du bureau,desktop">vivo.com</phone>
<phone id="Applis du bureau,desktop">Applis Google</phone>

<phone id="Paramètres,settings">Réseau et Internet</phone>
<phone id="Paramètres,settings">Bluetooth y dispositivos</phone>
<phone id="Paramètres,settings">Affichage et luminosité</phone>
<phone id="Paramètres,settings">Écran de verrouillage et fond d'écran</phone>
<phone id="Paramètres,settings">Effets dynamiques</phone>
<phone id="Paramètres,settings">Son</phone>
<phone id="Paramètres,settings">Applis et notifications</phone>
<phone id="Paramètres,settings">Batterie</phone>
<phone id="Paramètres,settings">Stockage</phone>
<phone id="Paramètres,settings">Sécurité</phone>
<phone id="Paramètres,settings">Confidentialité</phone>
<phone id="Paramètres,settings">Emplacement</phone>
<phone id="Paramètres,settings">Mode Ultra jeu</phone>
<phone id="Paramètres,settings">Raccourcis et accessibilité</phone>
<phone id="Paramètres,settings">Bien-être numérique et contrôle parental</phone>
<phone id="Paramètres,settings">Google</phone>
<phone id="Paramètres,settings">Comptes</phone>
<phone id="Paramètres,settings">Système</phone>
<phone id="Paramètres,settings">À propos du téléphone</phone>
<phone id="Paramètres,settings">Options de développement</phone>
<phone id="Paramètres,settings">Mise à jour du système</phone>
<phone id="Paramètres,settings">Clonage d'applis</phone>

<phone id="Maintenance et dépannage,maintain">À propos de la maintenance</phone>
<phone id="Maintenance et dépannage,maintain">Téléphone et accessoires</phone>
<phone id="Maintenance et dépannage,maintain">Aide</phone>
<phone id="Maintenance et dépannage,maintain">Format de fichiers pris en charge</phone>
<phone id="Maintenance et dépannage,maintain">Instructions de connexion USB</phone>

<!--
我是跳转配置分割线，以前的内容往上面添加，下面写跳转目录配置。
格式：<skip id="visitmode">设置,访客模式</skip>
visitmode：跳转名称，与说明书开发约定一致即可
设置,访客模式：访客模式的说明书路径
-->
<skip id="usbhelp">Maintenance et dépannage,Instructions de connexion USB</skip>
<skip id="usbdebug">Paramètres,Options de développement</skip>
<skip id="appclone">Paramètres,Clonage d'applis</skip>
</phones>
