<!--  
这个为菜单列表，注意编辑的格式!例如：
<phone id="手机概览,overview">手机外观</phone>
1、手机概览：一级标题名称
2、overview：这个为assets下的各个模块文件夹的名称，记住这个值一定要与文件夹的名称对应，不然链接会出错
3、手机外观：二级标题名称
4、手机概览与overview之间的逗号为英文状态下的，请注意
5、各个模块文件夹的html文件一定要按照顺序来命名，即XXX_1到XXX_n来命名，中间不能有断续
-->
<phones>
<phone id="Panoramica e guida di avvio rapida,overview">Introduzione alla parte esterna del telefono</phone>
<phone id="Panoramica e guida di avvio rapida,overview">Installazione e preparazione</phone>
<phone id="Panoramica e guida di avvio rapida,overview">Icone barra di stato e notifiche</phone>
<phone id="Panoramica e guida di avvio rapida,overview">Introduzione della schermata Home</phone>

<phone id="App su desktop,desktop">i Manager</phone>
<phone id="App su desktop,desktop">Fotocamera</phone>
<phone id="App su desktop,desktop">Album</phone>
<phone id="App su desktop,desktop">Calcolatrice</phone>
<phone id="App su desktop,desktop">Registratore</phone>
<phone id="App su desktop,desktop">Orologio</phone>
<phone id="App su desktop,desktop">Bussola</phone>
<phone id="App su desktop,desktop">vivo.com</phone>
<phone id="App su desktop,desktop">App Google</phone>

<phone id="Impostazioni,settings">Rete e internet</phone>
<phone id="Impostazioni,settings">Connessione Bluetooth e dispositivo</phone>
<phone id="Impostazioni,settings">Display e luminosità</phone>
<phone id="Impostazioni,settings">Blocco schermo e sfondo</phone>
<phone id="Impostazioni,settings">Effetti dinamici</phone>
<phone id="Impostazioni,settings">Audio</phone>
<phone id="Impostazioni,settings">App e notifiche</phone>
<phone id="Impostazioni,settings">Batteria</phone>
<phone id="Impostazioni,settings">Archiviazione</phone>
<phone id="Impostazioni,settings">Sicurezza</phone>
<phone id="Impostazioni,settings">Privacy</phone>
<phone id="Impostazioni,settings">Posizione</phone>
<phone id="Impostazioni,settings">Modalità ultra-gioco</phone>
<phone id="Impostazioni,settings">Collegamenti rapidi e accessibilità</phone>
<phone id="Impostazioni,settings">Benessere digitale e Controllo genitori</phone>
<phone id="Impostazioni,settings">Google</phone>
<phone id="Impostazioni,settings">Account</phone>
<phone id="Impostazioni,settings">Sistema</phone>
<phone id="Impostazioni,settings">Informazioni sul telefono</phone>
<phone id="Impostazioni,settings">Opzioni sviluppatore</phone>
<phone id="Impostazioni,settings">Aggiornamento di sistema</phone>
<phone id="Impostazioni,settings">Clonazione app</phone>

<phone id="Manutenzione e assistenza,maintain">Informazioni sulla manutenzione</phone>
<phone id="Manutenzione e assistenza,maintain">Telefono e accessori</phone>
<phone id="Manutenzione e assistenza,maintain">Guida</phone>
<phone id="Manutenzione e assistenza,maintain">Formati di file supportati</phone>
<phone id="Manutenzione e assistenza,maintain">Istruzioni sulla connessione USB</phone>

<!--
我是跳转配置分割线，以前的内容往上面添加，下面写跳转目录配置。
格式：<skip id="visitmode">设置,访客模式</skip>
visitmode：跳转名称，与说明书开发约定一致即可
设置,访客模式：访客模式的说明书路径
-->
<skip id="usbhelp">Manutenzione e assistenza,Istruzioni sulla connessione USB</skip>
<skip id="usbdebug">Impostazioni,Opzioni sviluppatore</skip>
<skip id="appclone">Impostazioni,Clonazione app</skip>
</phones>
